type,protected_area_count,area_ha,jurisdictions,percent_of_australia
5(1)(g) Reserve,44,220823.60,WA,0.03
5(1)(h) Reserve,129,794215.27,WA,0.10
Aboriginal Area,16,16057.63,NSW,0.00
Antarctic Specially Managed Area,1,23896.75,EXT,0.00
Antarctic Specially Protected Area,13,16760.33,EXT,0.00
Biodiversity Stewardship Agreement,324,81440.21,NSW,0.01
Botanic Gardens,2,840.16,WA,0.00
Botanic Gardens (Commonwealth),3,157.55,"EXT,ACT,JBT",0.00
CCA Zone 1 National Park,34,131721.88,NSW,0.02
CCA Zone 2 Aboriginal Area,5,21534.98,NSW,0.00
CCA Zone 3 State Conservation Area,23,195212.78,NSW,0.03
Coastal Reserve,1,1365.75,NT,0.00
Conservation Agreement,962,316927.66,NSW,0.04
Conservation Area,407,667428.14,"TAS,NT",0.09
Conservation Covenant,2742,343737.30,"TAS,VIC,WA,NT",0.04
Conservation Park,594,6684059.65,"QLD,SA,VIC,WA",0.87
Conservation Reserve,64,991880.80,"SA,NT,VIC,WA,TAS,NSW",0.13
Coordinated Conservation Area,2,1246.39,QLD,0.00
Flora Reserve,88,65934.62,NSW,0.01
Forest Reserve,83,57477.56,"SA,QLD",0.01
Game Reserve,21,42848.71,"TAS,SA",0.01
Heritage Agreement,1650,1004837.70,SA,0.13
Heritage River,17,52813.59,VIC,0.01
Historic Site,38,18962.40,"TAS,NSW",0.00
Historical Reserve,4,7780.81,NT,0.00
Hunting Reserve,1,1605.40,NT,0.00
Indigenous Protected Area,85,85952951.51,"NSW,NT,SA,WA,QLD,TAS,VIC",11.18
Karst Conservation Reserve,4,5328.47,NSW,0.00
Management Area,6,3598.48,WA,0.00
NCT Agreement,132,31440.37,NSW,0.00
NRS Addition - Gazettal in Progress,58,3933993.93,"WA,TAS,NT,QLD,NSW,SA",0.51
National Park,715,36955378.06,"WA,QLD,NSW,ACT,VIC,NT,SA,TAS",4.81
National Park (Commonwealth),7,2059629.10,"EXT,NT,JBT",0.27
National Park (Scientific),9,52626.11,QLD,0.01
National Park Aboriginal,35,2730894.42,QLD,0.36
National Parks Act Schedule 4 park or reserve,1,1168.86,VIC,0.00
Natural Catchment Area,21,12756.49,VIC,0.00
Natural Features Reserve,2471,306159.00,VIC,0.04
Nature Conservation Reserve,284,157522.92,VIC,0.02
Nature Park,10,23661.29,NT,0.00
Nature Recreation Area,25,67330.85,TAS,0.01
Nature Refuge,573,4893446.92,QLD,0.64
Nature Reserve,1817,11382313.73,"WA,NSW,TAS,ACT,QLD",1.48
Other,3,2306.93,"WA,VIC",0.00
Other Conservation Area,5,192364.50,"NT,TAS",0.03
Other Conservation Area or Nature Park,1,807.25,NT,0.00
Permanent Park Preserve,1,1313.86,NSW,0.00
Private Nature Reserve,79,2961035.43,"SA,TAS,VIC,QLD,WA,NSW,NT",0.39
Private Sanctuary,23,5117.38,TAS,0.00
Proposed National Parks Act park or park addition,5,134.87,"VIC,NT",0.00
Recreation Park,13,1640.11,SA,0.00
Reference Area,59,23626.65,VIC,0.00
Regional Park,22,21551.50,NSW,0.00
Regional Reserve,154,6631928.89,"TAS,SA",0.86
Registered Property Agreement,222,10749.68,NSW,0.00
"Remote and Natural Area - Schedule 6, National Parks Act",16,111.52,VIC,0.00
Remote and Natural Area - not scheduled under Nat Parks Act,2,17163.12,VIC,0.00
Resources Reserve,42,223358.18,QLD,0.03
Southern Mallee Private Reserve,28,73003.26,NSW,0.01
Special Wildlife Reserve,1,56031.82,QLD,0.01
State Conservation Area,127,698277.89,NSW,0.09
State Park,26,153221.39,VIC,0.02
State Reserve,66,48949.52,"TAS,WA",0.01
Wilderness Park,3,200674.02,VIC,0.03
Wilderness Protection Area,14,1850081.82,SA,0.24
Wilderness Zone,13,28907.41,"VIC,ACT",0.00
